Zeit,pO2 [%],Temperatur [°C],pH-Wert,Rührerdrehzahl [rpm],Timestamp,Minuten nach Start
15/8/23 16:34,94.93,30.0198,6.2566,170,0,0
15/8/23 16:49,97.67,25.9036,6.0708,170,0,15
15/8/23 17:04,98.63,25.5179,6.0708,170,1,30
15/8/23 17:19,97.89,25.3893,6.0974,170,1,45
15/8/23 17:34,99.26,25.2608,6.0841,170,1,60
15/8/23 17:49,99.79,25.1322,6.0841,170,1,75
15/8/23 18:04,99.47,25.0679,6.0974,170,2,90
15/8/23 18:19,99.79,25.0679,6.0974,170,2,105
15/8/23 18:34,100.11,25.0037,6.0974,170,2,120
15/8/23 18:49,99.47,25.0037,6.0974,170,2,135
15/8/23 19:04,100.63,25.0037,6.1239,170,3,150
15/8/23 19:19,100.32,24.9394,6.0974,170,3,165
15/8/23 19:34,99.89,24.9394,6.0841,170,3,180
15/8/23 19:49,100.42,25.0037,6.0841,170,3,195
15/8/23 20:04,100.21,25.0037,6.0974,170,4,210
15/8/23 20:19,99.89,25.0679,6.0974,170,4,225
15/8/23 20:34,99.89,25.0679,6.0974,170,4,240
15/8/23 20:49,99.79,25.0679,6.1106,170,4,255
15/8/23 21:04,99.79,25.1322,6.1239,170,5,270
15/8/23 21:19,99.89,25.1322,6.1372,170,5,285
15/8/23 21:34,99.58,25.1322,6.1239,170,5,300
15/8/23 21:49,99.15,25.1322,6.1372,170,5,315
15/8/23 22:04,99.47,25.0679,6.1504,170,6,330
15/8/23 22:19,99.58,25.0037,6.1504,170,6,345
15/8/23 22:34,99.47,25.0037,6.1504,170,6,360
15/8/23 22:49,99.47,25.0037,6.1504,170,6,375
15/8/23 23:04,98.63,25.0037,6.1637,170,7,390
15/8/23 23:19,99.15,24.9394,6.1637,170,7,405
15/8/23 23:34,99.15,24.9394,6.177,170,7,420
15/8/23 23:49,98.63,24.9394,6.1637,170,7,435
16/8/23 0:04,98.73,24.8751,6.177,170,8,450
16/8/23 0:19,98.52,24.8751,6.1903,170,8,465
16/8/23 0:34,99.15,24.8108,6.1903,170,8,480
16/8/23 0:49,98.41,24.8108,6.1903,170,8,495
16/8/23 1:04,98.2,24.7465,6.1903,170,9,510
16/8/23 1:19,98.63,24.7465,6.2035,170,9,525
16/8/23 1:34,98.1,24.7465,6.2035,170,9,540
16/8/23 1:49,98.1,24.6823,6.2035,170,9,555
16/8/23 2:04,98.63,24.6823,6.2035,170,10,570
16/8/23 2:19,97.67,24.618,6.2168,170,10,585
16/8/23 2:34,98.1,24.618,6.2168,170,10,600
16/8/23 2:49,97.89,24.618,6.2168,170,10,615
16/8/23 3:04,97.04,24.5537,6.2301,170,11,630
16/8/23 3:19,96.93,24.4894,6.2301,170,11,645
16/8/23 3:34,96.83,24.4894,6.2566,170,11,660
16/8/23 3:49,96.41,24.4894,6.2566,170,11,675
16/8/23 4:04,96.19,24.4252,6.2566,170,12,690
16/8/23 4:19,96.41,24.4252,6.2699,170,12,705
16/8/23 4:34,95.56,24.3609,6.2699,170,12,720
16/8/23 4:49,94.82,24.3609,6.2699,170,12,735
16/8/23 5:04,95.03,24.3609,6.2699,170,13,750
16/8/23 5:19,94.29,24.2966,6.2965,170,13,765
16/8/23 5:34,93.45,24.2966,6.2965,170,13,780
16/8/23 5:49,93.97,24.2966,6.3097,170,13,795
16/8/23 6:04,93.34,24.2324,6.3097,170,14,810
16/8/23 6:19,92.28,24.2324,6.3097,170,14,825
16/8/23 6:34,91.97,24.2324,6.323,170,14,840
16/8/23 6:49,91.23,24.1681,6.3496,170,14,855
16/8/23 7:04,90.17,24.0396,6.3628,170,15,870
16/8/23 7:19,90.06,23.911,6.3761,170,15,885
16/8/23 7:34,90.06,23.7825,6.4027,170,15,900
16/8/23 7:49,88.58,23.654,6.4159,170,15,915
16/8/23 8:04,87.53,23.5897,6.4027,170,16,930
16/8/23 8:19,86.79,23.654,6.4027,170,16,945
16/8/23 8:34,85.2,23.7182,6.4159,170,16,960
16/8/23 8:49,84.99,23.7182,6.4159,170,16,975
16/8/23 9:04,83.93,23.7825,6.4159,170,17,990
16/8/23 9:19,83.51,23.7825,6.4027,170,17,1005
16/8/23 9:34,82.03,23.8468,6.4159,170,17,1020
16/8/23 9:49,81.4,23.8468,6.3894,170,17,1035
16/8/23 10:04,80.87,23.8468,6.3894,170,18,1050
16/8/23 10:19,79.92,23.8468,6.3894,170,18,1065
16/8/23 10:34,78.96,23.911,6.3894,170,18,1080
16/8/23 10:49,76.85,23.911,6.3628,170,18,1095
16/8/23 11:04,76.43,23.911,6.3496,170,19,1110
16/8/23 11:19,75.79,23.911,6.3496,170,19,1125
16/8/23 11:34,73.78,23.9753,6.323,170,19,1140
16/8/23 11:49,73.04,23.9753,6.3363,170,19,1155
16/8/23 12:04,71.67,23.9753,6.3097,170,20,1170
16/8/23 12:19,70.19,23.9753,6.2832,170,20,1185
16/8/23 12:34,69.34,24.0396,6.2699,170,20,1200
16/8/23 12:49,67.34,24.1038,6.2832,170,20,1215
16/8/23 13:04,66.38,24.2324,6.2434,170,21,1230
16/8/23 13:19,66.38,24.1681,6.2168,170,21,1245
16/8/23 13:34,64.06,24.2966,6.2035,170,21,1260
16/8/23 13:49,62.69,24.3609,6.177,170,21,1275
16/8/23 14:04,60.99,24.4252,6.1372,170,22,1290
16/8/23 14:19,59.41,24.5537,6.1239,170,22,1305
16/8/23 14:34,59.2,24.4894,6.0708,170,22,1320
16/8/23 14:49,58.35,24.4894,6.031,170,22,1335
16/8/23 15:04,58.35,24.4252,5.9912,170,23,1350
16/8/23 15:19,58.03,24.3609,5.9513,170,23,1365
16/8/23 15:34,55.5,24.3609,5.9115,170,23,1380
16/8/23 15:49,55.18,24.2966,5.8717,170,23,1395
16/8/23 16:04,53.28,24.2324,5.8319,170,24,1410
16/8/23 16:19,51.8,24.2324,5.7788,170,24,1425
16/8/23 16:34,52.54,24.1681,5.7522,170,24,1440
16/8/23 16:49,50.32,24.1681,5.7257,170,24,1455
16/8/23 17:04,51.06,24.1681,5.6726,170,25,1470
16/8/23 17:19,50,24.1038,5.6593,170,25,1485
16/8/23 17:34,49.47,24.1038,5.6195,170,25,1500
16/8/23 17:49,50,24.1038,5.5664,170,25,1515
16/8/23 18:04,48.52,24.1038,5.5664,170,26,1530
16/8/23 18:19,49.05,24.1038,5.5133,170,26,1545
16/8/23 18:34,49.68,24.0396,5.4867,170,26,1560
16/8/23 18:49,47.36,24.0396,5.4602,170,26,1575
16/8/23 19:04,48.63,24.0396,5.4204,170,27,1590
16/8/23 19:19,47.99,24.1038,5.4071,170,27,1605
16/8/23 19:34,48.52,24.0396,5.3938,170,27,1620
16/8/23 19:49,48.41,24.0396,5.354,170,27,1635
16/8/23 20:04,47.15,24.0396,5.3274,170,28,1650
16/8/23 20:19,47.67,24.0396,5.3142,170,28,1665
16/8/23 20:34,48.63,24.0396,5.2876,170,28,1680
16/8/23 20:49,47.25,24.0396,5.2743,170,28,1695
16/8/23 21:04,47.67,24.0396,5.2478,170,29,1710
16/8/23 21:19,48.73,23.9753,5.2478,170,29,1725
16/8/23 21:34,47.89,23.9753,5.208,170,29,1740
16/8/23 21:49,48.31,23.9753,5.1947,170,29,1755
16/8/23 22:04,47.89,23.9753,5.1549,170,30,1770
16/8/23 22:19,46.62,23.9753,5.1549,170,30,1785
16/8/23 22:34,46.62,24.0396,5.1416,170,30,1800
16/8/23 22:49,47.46,24.0396,5.1416,170,30,1815
16/8/23 23:04,45.45,23.9753,5.1416,170,31,1830
16/8/23 23:19,46.3,23.9753,5.1416,170,31,1845
16/8/23 23:34,46.51,23.911,5.1416,170,31,1860
16/8/23 23:49,45.88,23.911,5.1283,170,31,1875
17/8/23 0:04,45.14,23.911,5.1283,170,32,1890
17/8/23 0:19,45.14,23.911,5.1416,170,32,1905
17/8/23 0:34,44.19,23.911,5.1416,170,32,1920
17/8/23 0:49,43.97,23.8468,5.1283,170,32,1935
17/8/23 1:04,44.5,23.7825,5.115,170,33,1950
17/8/23 1:19,42.71,23.7825,5.1283,170,33,1965
17/8/23 1:34,42.6,23.7182,5.1283,170,33,1980
17/8/23 1:49,43.13,23.7182,5.115,170,33,1995
17/8/23 2:04,42.28,23.7182,5.1018,170,34,2010
17/8/23 2:19,42.39,23.654,5.115,170,34,2025
17/8/23 2:34,43.97,23.5897,5.0885,170,34,2040
17/8/23 2:49,52.22,23.5254,5.1018,170,34,2055
17/8/23 3:04,42.6,23.4612,5.0885,170,35,2070
17/8/23 3:19,47.57,23.5254,5.0752,170,35,2085
17/8/23 3:34,41.01,23.5897,5.062,170,35,2100
17/8/23 3:49,36.68,23.654,5.062,170,35,2115
17/8/23 4:04,38.58,23.7182,5.0487,170,36,2130
17/8/23 4:19,37.21,23.7182,5.0487,170,36,2145
17/8/23 4:34,28.54,23.7825,5.0221,170,36,2160
17/8/23 4:49,40.7,23.7825,5.0354,170,36,2175
17/8/23 5:04,37.21,23.8468,5.0221,170,37,2190
17/8/23 5:19,37,23.8468,5.0221,170,37,2205
17/8/23 5:34,40.27,23.7825,5.0089,170,37,2220
17/8/23 5:49,54.65,23.911,4.9956,170,37,2235
17/8/23 6:04,29.28,23.8468,4.9956,170,38,2250
17/8/23 6:19,24.1,23.911,4.9823,170,38,2265
17/8/23 6:34,27.59,23.911,4.9558,170,38,2280
17/8/23 6:49,26.96,23.8468,4.9425,170,38,2295
17/8/23 7:04,26.53,23.9753,4.9159,170,39,2310
17/8/23 7:19,57.93,23.9753,4.9159,170,39,2325
17/8/23 7:34,48.84,23.9753,4.9558,170,39,2340
17/8/23 7:49,86.79,23.9753,4.969,170,39,2355
17/8/23 8:04,65.75,23.9753,5.0089,170,40,2370
17/8/23 8:19,92.39,23.9753,5.0221,170,40,2385
17/8/23 8:34,65.43,23.9753,5.0487,170,40,2400
17/8/23 8:49,85.94,23.9753,5.0752,170,40,2415
17/8/23 9:04,83.83,23.9753,5.0885,170,41,2430
17/8/23 9:19,64.69,23.9753,5.0885,170,41,2445
17/8/23 9:34,40.06,23.9753,5.0885,170,41,2460
17/8/23 9:49,28.65,23.9753,5.1018,170,41,2475
17/8/23 10:04,33.4,23.9753,5.1018,170,42,2490
17/8/23 10:19,39.32,23.911,5.115,170,42,2505
17/8/23 10:34,27.17,23.9753,5.1283,170,42,2520
17/8/23 10:49,52.54,23.9753,5.885,270,42,2535
17/8/23 11:04,61.63,23.9753,5.8451,270,43,2550
17/8/23 11:19,64.06,24.0396,5.8451,270,43,2565
17/8/23 11:34,67.12,24.0396,5.8319,270,43,2580
17/8/23 11:49,66.81,24.1038,5.8186,270,43,2595
17/8/23 12:04,68.29,24.1038,5.8319,270,44,2610
17/8/23 12:19,69.87,24.1681,5.8186,270,44,2625
17/8/23 12:34,73.36,24.2324,5.8186,270,44,2640
17/8/23 12:49,69.77,24.2324,5.8053,270,44,2655
17/8/23 13:04,74.31,24.2966,5.7655,270,45,2670
17/8/23 13:19,73.26,24.3609,5.7389,270,45,2685
17/8/23 13:34,72.94,24.4252,5.6726,270,45,2700
17/8/23 13:49,72.62,24.4894,5.646,270,45,2715
17/8/23 14:04,69.56,24.618,5.6062,270,46,2730
17/8/23 14:19,64.59,24.4894,5.5531,270,46,2745
17/8/23 14:34,68.39,24.4252,5.4867,270,46,2760
17/8/23 14:49,43.23,24.4252,5.8584,270,46,2775
17/8/23 15:04,32.66,24.3609,5.792,270,47,2790
17/8/23 15:19,30.34,24.2966,5.7389,270,47,2805
17/8/23 15:34,28.65,24.2966,5.6858,270,47,2820
17/8/23 15:49,30.34,24.2324,5.6726,270,47,2835
17/8/23 16:04,30.23,24.2966,5.646,270,48,2850
17/8/23 16:19,32.35,24.1681,5.6062,270,48,2865
17/8/23 16:34,33.83,24.1681,5.5929,270,48,2880
17/8/23 16:49,44.08,24.1681,5.5531,270,48,2895
17/8/23 17:04,38.37,24.1038,5.5133,270,49,2910
17/8/23 17:19,53.07,24.1038,5.5,270,49,2925
17/8/23 17:34,43.23,24.1038,5.4602,270,49,2940
17/8/23 17:49,49.79,24.1038,5.4336,270,49,2955
17/8/23 18:04,57.61,24.0396,5.4204,270,50,2970
17/8/23 18:19,77.06,24.1038,5.3938,270,50,2985
17/8/23 18:34,65.64,24.1038,5.3938,270,50,3000
17/8/23 18:49,62.16,24.1038,5.3938,270,50,3015
17/8/23 19:04,79.28,24.1038,5.3938,270,51,3030
17/8/23 19:19,68.08,24.0396,5.3938,270,51,3045
17/8/23 19:34,77.59,24.1038,5.3805,270,51,3060
17/8/23 19:49,69.45,24.0396,5.3805,270,51,3075
17/8/23 20:04,71.25,24.0396,5.3805,270,52,3090
17/8/23 20:19,73.68,24.0396,5.3805,270,52,3105
17/8/23 20:34,73.04,24.0396,5.3673,270,52,3120
17/8/23 20:49,77.8,23.9753,5.354,270,52,3135
17/8/23 21:04,81.5,23.9753,5.3407,270,53,3150
17/8/23 21:19,97.36,24.0396,5.3274,270,53,3165
17/8/23 21:34,91.44,23.9753,5.3274,270,53,3180
17/8/23 21:49,92.71,23.9753,5.3274,270,53,3195
17/8/23 22:04,92.92,23.9753,5.3142,270,54,3210
17/8/23 22:19,93.13,24.0396,5.3274,270,54,3225
17/8/23 22:34,89.75,24.0396,5.3274,270,54,3240
17/8/23 22:49,80.23,24.0396,5.3274,270,54,3255
17/8/23 23:04,83.72,23.9753,5.3274,270,55,3270
17/8/23 23:19,78.22,24.0396,5.3274,270,55,3285
17/8/23 23:34,78.65,23.9753,5.3274,270,55,3300
17/8/23 23:49,85.2,24.0396,5.3407,270,55,3315
18/8/23 0:04,75.69,23.9753,5.3407,270,56,3330
18/8/23 0:19,78.96,24.0396,5.354,270,56,3345
18/8/23 0:34,78.54,23.9753,5.354,270,56,3360
18/8/23 0:49,85.94,23.9753,5.354,270,56,3375
18/8/23 1:04,84.25,23.9753,5.3805,270,57,3390
18/8/23 1:19,77.91,23.9753,5.3805,270,57,3405
18/8/23 1:34,77.38,24.0396,5.3805,270,57,3420
18/8/23 1:49,79.92,24.0396,5.3938,270,57,3435
18/8/23 2:04,81.5,23.911,5.4071,270,58,3450
18/8/23 2:19,75.79,23.9753,5.4071,270,58,3465
18/8/23 2:34,83.4,23.9753,5.4071,270,58,3480
18/8/23 2:49,70.19,23.9753,5.4204,270,58,3495
18/8/23 3:04,68.18,24.0396,5.4336,270,59,3510
18/8/23 3:19,64.48,23.9753,5.4204,270,59,3525
18/8/23 3:34,61.73,23.9753,5.4469,270,59,3540
18/8/23 3:49,53.07,24.0396,5.4469,270,59,3555
18/8/23 4:04,49.15,24.0396,5.4469,270,60,3570
18/8/23 4:19,47.78,23.9753,5.4469,270,60,3585
18/8/23 4:34,46.62,23.9753,5.4469,270,60,3600
18/8/23 4:49,42.81,23.9753,5.4469,270,60,3615
18/8/23 5:04,37.21,24.0396,5.4469,270,61,3630
18/8/23 5:19,35.2,23.9753,5.4602,270,61,3645
18/8/23 5:34,34.36,23.9753,5.4469,270,61,3660
18/8/23 5:49,32.03,24.0396,5.4602,270,61,3675
18/8/23 6:04,27.48,23.9753,5.4204,270,62,3690
18/8/23 6:19,24.74,24.0396,5.4071,270,62,3705
18/8/23 6:34,25.79,23.9753,5.3805,270,62,3720
18/8/23 6:49,25.16,23.9753,5.3673,270,62,3735
18/8/23 7:04,22.83,23.9753,5.3407,270,63,3750
18/8/23 7:19,21.88,23.911,5.354,270,63,3765
18/8/23 7:34,20.72,23.8468,5.3407,270,63,3780
18/8/23 7:49,19.24,23.7825,5.354,270,63,3795
18/8/23 8:04,17.55,23.8468,5.3407,270,64,3810
18/8/23 8:19,16.81,23.8468,5.354,270,64,3825
18/8/23 8:34,17.44,23.911,5.354,270,64,3840
18/8/23 8:49,15.64,23.9753,5.3805,270,64,3855
18/8/23 9:04,13.95,24.0396,5.8053,270,65,3870
18/8/23 9:19,5.07,24.0396,5.7788,270,65,3885
18/8/23 9:34,2.64,24.1681,5.7655,270,65,3900
18/8/23 9:49,2.64,24.1038,5.7788,270,65,3915
18/8/23 10:04,2.54,24.1038,5.7788,270,66,3930
18/8/23 10:19,3.91,24.0396,5.7655,270,66,3945
18/8/23 10:34,4.33,24.0396,5.7655,270,66,3960
18/8/23 10:49,4.65,24.0396,5.7655,270,66,3975
18/8/23 11:04,4.02,24.0396,5.7655,270,67,3990
18/8/23 11:19,4.44,24.0396,5.7788,270,67,4005
18/8/23 11:34,5.18,24.1038,5.7655,270,67,4020
18/8/23 11:49,4.86,24.1038,5.7788,270,67,4035
18/8/23 12:04,3.07,24.0396,5.8319,270,68,4050
18/8/23 12:19,4.02,24.0396,5.8319,270,68,4065
18/8/23 12:34,4.23,24.0396,5.8053,270,68,4080
18/8/23 12:49,4.86,23.9753,5.792,270,68,4095
18/8/23 13:04,5.29,23.9753,5.7655,270,69,4110
18/8/23 13:19,4.55,23.9753,5.7522,270,69,4125
18/8/23 13:34,5.07,23.9753,5.8186,270,69,4140
18/8/23 13:49,5.6,23.9753,5.7788,270,69,4155
18/8/23 14:04,5.29,23.9753,5.7788,270,70,4170
18/8/23 14:19,4.86,24.0396,5.7788,270,70,4185
18/8/23 14:34,5.81,24.0396,5.7655,270,70,4200
18/8/23 14:49,5.07,23.9753,5.7655,270,70,4215
18/8/23 15:04,5.71,24.0396,5.7655,270,71,4230
18/8/23 15:19,4.76,23.9753,5.7788,270,71,4245
18/8/23 15:34,4.44,23.9753,5.7522,270,71,4260
18/8/23 15:49,5.29,24.0396,5.7788,270,71,4275
18/8/23 16:04,5.07,23.9753,5.7788,270,72,4290
18/8/23 16:19,5.92,24.0396,5.7655,270,72,4305
18/8/23 16:34,4.65,23.9753,5.7655,270,72,4320
18/8/23 16:49,4.55,23.9753,5.7522,270,72,4335
18/8/23 17:04,4.44,24.0396,5.7788,270,73,4350
18/8/23 17:19,4.76,23.9753,5.792,270,73,4365
18/8/23 17:34,5.07,23.9753,5.7788,270,73,4380
18/8/23 17:49,4.97,24.0396,5.7788,270,73,4395
18/8/23 18:04,5.6,23.9753,5.7788,270,74,4410
18/8/23 18:19,6.24,23.9753,5.7788,270,74,4425
18/8/23 18:34,6.77,23.9753,5.7788,270,74,4440
18/8/23 18:49,7.61,24.0396,5.7788,270,74,4455
18/8/23 19:04,7.82,23.9753,5.7788,270,75,4470
18/8/23 19:19,8.25,24.0396,5.7788,270,75,4485
18/8/23 19:34,9.2,24.0396,5.7788,270,75,4500
18/8/23 19:49,10.25,24.0396,5.7788,270,75,4515
18/8/23 20:04,10.99,24.0396,5.792,270,76,4530
18/8/23 20:19,11.42,23.9753,5.7788,270,76,4545
18/8/23 20:34,11.52,23.9753,5.7788,270,76,4560
18/8/23 20:49,11.73,23.9753,5.7788,270,76,4575
18/8/23 21:04,13,23.9753,5.7788,270,77,4590
18/8/23 21:19,13.21,24.0396,5.7655,270,77,4605
18/8/23 21:34,13.11,23.9753,5.7522,270,77,4620
18/8/23 21:49,13.53,23.9753,5.7655,270,77,4635
18/8/23 22:04,13.64,23.9753,5.7655,270,78,4650
18/8/23 22:19,14.8,24.0396,5.7655,270,78,4665
18/8/23 22:34,15.01,23.9753,5.7655,270,78,4680
18/8/23 22:49,15.64,23.9753,5.7655,270,78,4695
18/8/23 23:04,15.64,24.0396,5.7655,270,79,4710
18/8/23 23:19,15.64,24.0396,5.7655,270,79,4725
18/8/23 23:34,15.86,24.0396,5.7522,270,79,4740
18/8/23 23:49,15.64,23.9753,5.792,270,79,4755
19/8/23 0:04,15.54,23.9753,5.7788,270,80,4770
19/8/23 0:19,16.07,24.0396,5.7788,270,80,4785
19/8/23 0:34,16.28,23.9753,5.7788,270,80,4800
19/8/23 0:49,16.07,23.9753,5.7655,270,80,4815
19/8/23 1:04,15.86,23.9753,5.7655,270,81,4830
19/8/23 1:19,15.64,23.9753,5.792,270,81,4845
19/8/23 1:34,16.07,24.0396,5.8053,270,81,4860
19/8/23 1:49,16.17,23.9753,5.792,270,81,4875
19/8/23 2:04,14.59,23.9753,5.9513,270,82,4890
19/8/23 2:19,15.75,23.9753,5.9381,270,82,4905
19/8/23 2:34,16.6,24.0396,5.9248,270,82,4920
19/8/23 2:49,17.23,23.9753,5.9115,270,82,4935
19/8/23 3:04,16.91,23.9753,5.8982,270,83,4950
19/8/23 3:19,16.6,23.9753,5.8982,270,83,4965
19/8/23 3:34,16.91,23.9753,5.885,270,83,4980
19/8/23 3:49,16.91,23.9753,5.885,270,83,4995
19/8/23 4:04,16.28,23.9753,5.885,270,84,5010
19/8/23 4:19,16.28,23.9753,5.8717,270,84,5025
19/8/23 4:34,15.75,23.9753,5.8584,270,84,5040
19/8/23 4:49,15.43,23.9753,5.8982,270,84,5055
19/8/23 5:04,15.33,23.9753,5.8982,270,85,5070
19/8/23 5:19,15.43,23.911,5.8982,270,85,5085
19/8/23 5:34,15.43,23.911,5.8717,270,85,5100
19/8/23 5:49,15.12,23.911,5.8451,270,85,5115
19/8/23 6:04,14.06,23.9753,5.9115,270,86,5130
19/8/23 6:19,14.59,23.8468,5.8982,270,86,5145
19/8/23 6:34,14.38,23.911,5.8717,270,86,5160
19/8/23 6:49,14.48,23.8468,5.8451,270,86,5175
19/8/23 7:04,14.38,23.8468,5.8319,270,87,5190
19/8/23 7:19,13.85,23.7825,5.8319,270,87,5205
19/8/23 7:34,14.06,23.7825,5.792,270,87,5220
19/8/23 7:49,13.53,23.7825,5.792,270,87,5235
19/8/23 8:04,13.53,23.7825,5.7655,270,88,5250
19/8/23 8:19,13.11,23.7825,5.7788,270,88,5265
19/8/23 8:34,8.88,23.8468,5.7655,270,88,5280
19/8/23 8:49,7.61,23.911,5.7655,270,88,5295
19/8/23 9:04,6.87,24.0396,5.8053,270,89,5310
19/8/23 9:19,5.81,24.1681,5.8053,270,89,5325
19/8/23 9:34,5.5,24.2324,5.8053,270,89,5340
19/8/23 9:49,5.81,24.2324,5.792,270,89,5355
19/8/23 10:04,5.5,24.2324,5.8053,270,90,5370
19/8/23 10:19,5.71,24.1681,5.7788,270,90,5385
19/8/23 10:34,5.07,24.1681,5.7788,270,90,5400
19/8/23 10:49,4.44,24.1038,5.7788,270,90,5415
19/8/23 11:04,4.55,24.1038,5.7522,270,91,5430
19/8/23 11:19,4.33,24.1038,6.0708,270,91,5445
19/8/23 11:34,4.76,24.1038,6.0177,270,91,5460
19/8/23 11:49,4.76,24.1038,6.0974,270,91,5475
19/8/23 12:04,5.07,24.0396,6.1106,270,92,5490
19/8/23 12:19,4.65,24.0396,6.177,270,92,5505
19/8/23 12:34,4.55,24.0396,6.2434,270,92,5520
19/8/23 12:49,5.18,24.0396,6.2035,270,92,5535
19/8/23 13:04,4.65,24.0396,6.2434,270,93,5550
19/8/23 13:19,5.07,24.1038,6.2168,270,93,5565
19/8/23 13:34,5.5,24.0396,6.2566,270,93,5580
19/8/23 13:49,4.65,24.1038,6.2566,270,93,5595
19/8/23 14:04,4.97,24.0396,6.3097,270,94,5610
19/8/23 14:19,5.07,24.0396,6.3097,270,94,5625
19/8/23 14:34,4.65,23.911,6.2832,270,94,5640
19/8/23 14:49,5.18,23.9753,6.2965,270,94,5655
19/8/23 15:04,4.97,23.9753,6.3097,270,95,5670
19/8/23 15:19,4.65,23.9753,6.2699,270,95,5685
19/8/23 15:34,4.55,24.0396,6.2035,270,95,5700
19/8/23 15:49,4.97,24.0396,6.2301,270,95,5715
19/8/23 16:04,4.86,23.9753,6.2566,270,96,5730
19/8/23 16:19,4.55,24.0396,6.2566,270,96,5745
19/8/23 16:34,4.23,24.0396,6.2566,270,96,5760
19/8/23 16:49,4.02,24.0396,6.2566,270,96,5775
19/8/23 17:04,3.91,23.9753,6.2434,270,97,5790
19/8/23 17:19,4.55,24.0396,6.2168,270,97,5805
19/8/23 17:34,3.91,23.9753,6.2301,270,97,5820
19/8/23 17:49,3.38,24.0396,6.2434,270,97,5835
19/8/23 18:04,6.55,23.9753,6.1903,270,98,5850
19/8/23 18:19,10.36,23.9753,6.177,270,98,5865
19/8/23 18:34,1.06,23.9753,6.1637,270,98,5880
19/8/23 18:49,0.21,23.9753,5.9912,270,98,5895
19/8/23 19:04,0.32,24.0396,6.0708,270,99,5910
19/8/23 19:19,0.21,23.9753,6.0443,270,99,5925
19/8/23 19:34,0.21,23.9753,6.0575,270,99,5940
19/8/23 19:49,0.21,24.0396,6.031,270,99,5955
19/8/23 20:04,0.21,24.0396,6.0044,270,100,5970
19/8/23 20:19,0.21,24.0396,6.0044,270,100,5985
19/8/23 20:34,0.21,23.9753,5.9646,270,100,6000
19/8/23 20:49,0.21,23.9753,5.9381,270,100,6015
19/8/23 21:04,0.11,24.0396,5.9115,270,101,6030
19/8/23 21:19,0.21,24.0396,5.885,270,101,6045
19/8/23 21:34,0.11,24.0396,5.8319,270,101,6060
19/8/23 21:49,0.21,24.0396,5.792,270,101,6075
19/8/23 22:04,0.42,23.9753,5.8186,270,102,6090
19/8/23 22:19,0.42,24.0396,5.7788,270,102,6105
19/8/23 22:34,0.21,24.0396,5.7655,270,102,6120
19/8/23 22:49,0.21,24.0396,5.7788,270,102,6135
19/8/23 23:04,0.21,24.0396,5.7522,270,103,6150
19/8/23 23:19,0.21,23.9753,5.7788,270,103,6165
19/8/23 23:34,0.21,23.9753,5.7655,270,103,6180
19/8/23 23:49,0.21,23.9753,5.8186,270,103,6195
20/8/23 0:04,0.11,24.0396,5.8451,270,104,6210
20/8/23 0:19,0.11,24.0396,5.8186,270,104,6225
20/8/23 0:34,0.32,24.0396,5.8186,270,104,6240
20/8/23 0:49,0.32,24.0396,5.7788,270,104,6255
20/8/23 1:04,0.11,23.9753,5.7655,270,105,6270
20/8/23 1:19,0.21,23.9753,5.7788,270,105,6285
20/8/23 1:34,0.21,24.0396,5.7522,270,105,6300
20/8/23 1:49,0.32,23.9753,5.7655,270,105,6315
20/8/23 2:04,0.21,23.9753,5.7655,270,106,6330
20/8/23 2:19,0.21,24.0396,5.7522,270,106,6345
20/8/23 2:34,0.21,23.9753,5.7788,270,106,6360
20/8/23 2:49,0.21,23.9753,5.7655,270,106,6375
20/8/23 3:04,0.11,23.9753,5.7522,270,107,6390
20/8/23 3:19,0.32,23.9753,5.7788,270,107,6405
20/8/23 3:34,0.21,23.9753,5.7788,270,107,6420
20/8/23 3:49,0.11,23.9753,5.7788,270,107,6435
20/8/23 4:04,0.21,23.911,5.7655,270,108,6450
20/8/23 4:19,0.21,23.911,5.7522,270,108,6465
20/8/23 4:34,0.21,23.911,5.792,270,108,6480
20/8/23 4:49,0.21,23.911,5.7788,270,108,6495
20/8/23 5:04,0.32,23.8468,5.7788,270,109,6510
20/8/23 5:19,0.32,23.8468,5.7788,270,109,6525
20/8/23 5:34,0.32,23.7825,5.7655,270,109,6540
20/8/23 5:49,0.21,23.7825,5.7522,270,109,6555
20/8/23 6:04,0.21,23.7825,5.7788,270,110,6570
20/8/23 6:19,0.21,23.7182,5.7655,270,110,6585
20/8/23 6:34,0.11,23.654,5.7655,270,110,6600
20/8/23 6:49,0.11,23.654,5.7655,270,110,6615
20/8/23 7:04,0.11,23.654,5.7655,270,111,6630
20/8/23 7:19,0.21,23.5897,5.7655,270,111,6645
20/8/23 7:34,0.32,23.5254,5.7655,270,111,6660
20/8/23 7:49,0.21,23.5254,5.7655,270,111,6675
20/8/23 8:04,0.21,23.654,5.792,270,112,6690
20/8/23 8:19,0.21,23.654,5.7788,270,112,6705
20/8/23 8:34,0.21,23.7182,5.7655,270,112,6720
20/8/23 8:49,0.42,23.7182,5.7655,270,112,6735
20/8/23 9:04,0.21,23.7825,5.7655,270,113,6750
20/8/23 9:19,0.42,23.7825,5.7522,270,113,6765
20/8/23 9:34,0,23.8468,5.7655,270,113,6780
20/8/23 9:49,0.32,23.8468,5.7522,270,113,6795
20/8/23 10:04,0.21,23.911,5.7655,270,114,6810
20/8/23 10:19,0.21,23.911,5.7655,270,114,6825
20/8/23 10:34,0.21,23.9753,5.7655,270,114,6840
20/8/23 10:49,0.21,24.0396,5.7655,270,114,6855
20/8/23 11:04,0.21,24.1038,5.7522,270,115,6870
20/8/23 11:19,0.32,24.1681,5.7788,270,115,6885
20/8/23 11:34,0.32,24.2966,5.7655,270,115,6900
20/8/23 11:49,0.42,24.3609,5.7788,270,115,6915
20/8/23 12:04,0.21,24.4252,5.7788,270,116,6930
20/8/23 12:19,0.21,24.5537,5.7788,270,116,6945
20/8/23 12:34,0.21,24.4894,5.7788,270,116,6960
20/8/23 12:49,0.32,24.4252,5.7655,270,116,6975
20/8/23 13:04,0.32,24.4252,5.7655,270,117,6990
20/8/23 13:19,0.21,24.3609,5.7788,270,117,7005
20/8/23 13:34,0.32,24.2966,5.7788,270,117,7020
20/8/23 13:49,0.32,24.2966,5.7655,270,117,7035
20/8/23 14:04,0.32,24.2324,5.7655,270,118,7050
20/8/23 14:19,0.32,24.2324,5.7655,270,118,7065
20/8/23 14:34,0.21,24.1681,5.792,270,118,7080
20/8/23 14:49,0.32,24.1681,5.8053,270,118,7095
20/8/23 15:04,0.32,24.1681,5.7788,270,119,7110
20/8/23 15:19,0.32,24.1038,5.792,270,119,7125
20/8/23 15:34,0.21,24.0396,5.7788,270,119,7140
20/8/23 15:49,0.21,24.1681,5.7788,270,119,7155
20/8/23 16:04,0.32,24.1038,5.792,270,120,7170
20/8/23 16:19,0.32,24.0396,5.7655,270,120,7185
20/8/23 16:34,0.32,24.1038,5.7655,270,120,7200
20/8/23 16:49,0.21,24.0396,5.7655,270,120,7215
20/8/23 17:04,0.21,24.0396,5.7788,270,121,7230
20/8/23 17:19,0.32,24.0396,5.7655,270,121,7245
20/8/23 17:34,0.21,24.0396,5.7655,270,121,7260
20/8/23 17:49,0.32,24.1038,5.7655,270,121,7275
20/8/23 18:04,0.32,24.0396,5.7655,270,122,7290
20/8/23 18:19,0.32,24.0396,5.7788,270,122,7305
20/8/23 18:34,0.32,24.0396,5.7655,270,122,7320
20/8/23 18:49,0.32,23.9753,5.7788,270,122,7335
20/8/23 19:04,0.32,24.0396,5.7788,270,123,7350
20/8/23 19:19,0.32,23.9753,5.7788,270,123,7365
20/8/23 19:34,0.32,24.0396,5.7788,270,123,7380
20/8/23 19:49,0.32,23.9753,5.7788,270,123,7395
20/8/23 20:04,0.32,24.0396,5.7788,270,124,7410
20/8/23 20:19,0.32,23.9753,5.7788,270,124,7425
20/8/23 20:34,0.42,24.0396,5.7788,270,124,7440
20/8/23 20:49,0.32,24.0396,5.7788,270,124,7455
20/8/23 21:04,0.32,23.9753,5.792,270,125,7470
20/8/23 21:19,0.32,24.0396,5.7788,270,125,7485
20/8/23 21:34,0.32,23.9753,5.7788,270,125,7500
20/8/23 21:49,0.32,23.9753,5.7788,270,125,7515
20/8/23 22:04,0.21,23.9753,5.792,270,126,7530
20/8/23 22:19,0.32,23.9753,5.792,270,126,7545
20/8/23 22:34,0.21,23.9753,5.7788,270,126,7560
20/8/23 22:49,0.32,23.9753,5.7788,270,126,7575
20/8/23 23:04,0.21,24.0396,5.7788,270,127,7590
20/8/23 23:19,0.42,23.9753,5.7655,270,127,7605
20/8/23 23:34,0.32,24.0396,5.7788,270,127,7620
20/8/23 23:49,0.11,24.0396,5.8053,270,127,7635
21/8/23 0:04,0.42,23.9753,5.7655,270,128,7650
21/8/23 0:19,0.32,23.9753,5.792,270,128,7665
21/8/23 0:34,0.32,24.0396,5.7788,270,128,7680
21/8/23 0:49,0.32,23.911,5.7788,270,128,7695
21/8/23 1:04,0.11,24.0396,5.792,270,129,7710
21/8/23 1:19,0.53,23.9753,5.792,270,129,7725
21/8/23 1:34,0.32,24.0396,5.792,270,129,7740
21/8/23 1:49,0.32,24.0396,5.8186,270,129,7755
21/8/23 2:04,0.32,23.9753,5.8053,270,130,7770
21/8/23 2:19,0.32,23.9753,5.8053,270,130,7785
21/8/23 2:34,0.32,23.9753,5.8053,270,130,7800
21/8/23 2:49,0.42,24.0396,5.8053,270,130,7815
21/8/23 3:04,0.32,24.0396,5.792,270,131,7830
21/8/23 3:19,0.42,23.9753,5.792,270,131,7845
21/8/23 3:34,0.42,23.9753,5.8053,270,131,7860
21/8/23 3:49,0.53,23.9753,5.8053,270,131,7875
21/8/23 4:04,0.53,24.0396,5.8053,270,132,7890
21/8/23 4:19,0.53,23.9753,5.8319,270,132,7905
21/8/23 4:34,0.42,24.0396,5.8319,270,132,7920
21/8/23 4:49,0.53,23.911,5.8053,270,132,7935
21/8/23 5:04,0.42,23.9753,5.8053,270,133,7950
21/8/23 5:19,2.33,23.9753,5.8319,270,133,7965
21/8/23 5:34,2.11,23.9753,5.8186,270,133,7980
21/8/23 5:49,2.75,24.0396,5.8319,270,133,7995
21/8/23 6:04,2.54,23.9753,5.8319,270,134,8010
21/8/23 6:19,2.33,24.0396,5.8451,270,134,8025
21/8/23 6:34,2.22,24.0396,5.8319,270,134,8040
21/8/23 6:49,2.33,23.9753,5.8186,270,134,8055
21/8/23 7:04,2.22,24.0396,5.8451,270,135,8070
21/8/23 7:19,2.43,23.911,5.8319,270,135,8085
21/8/23 7:34,2.22,24.0396,5.8319,270,135,8100